-- MySQL dump 10.13  Distrib 8.0.45, for Linux (x86_64)
--
-- Host: alex-dev-ratemyprof-db.cvg2i0g86hn6.us-east-2.rds.amazonaws.com    Database: ratemyprof
-- ------------------------------------------------------
-- Server version	8.4.7

/*!40101 SET @OLD_CHARACTER_SET_CLIENT=@@CHARACTER_SET_CLIENT */;
/*!40101 SET @OLD_CHARACTER_SET_RESULTS=@@CHARACTER_SET_RESULTS */;
/*!40101 SET @OLD_COLLATION_CONNECTION=@@COLLATION_CONNECTION */;
/*!50503 SET NAMES utf8mb4 */;
/*!40103 SET @OLD_TIME_ZONE=@@TIME_ZONE */;
/*!40103 SET TIME_ZONE='+00:00' */;
/*!40014 SET @OLD_UNIQUE_CHECKS=@@UNIQUE_CHECKS, UNIQUE_CHECKS=0 */;
/*!40014 SET @OLD_FOREIGN_KEY_CHECKS=@@FOREIGN_KEY_CHECKS, FOREIGN_KEY_CHECKS=0 */;
/*!40101 SET @OLD_SQL_MODE=@@SQL_MODE, SQL_MODE='NO_AUTO_VALUE_ON_ZERO' */;
/*!40111 SET @OLD_SQL_NOTES=@@SQL_NOTES, SQL_NOTES=0 */;

--
-- Dumping data for table `analysis_runs`
--

INSERT INTO `analysis_runs` VALUES (1,2576458,4.25,4.6,'2026-04-01 21:47:55'),(2,2576458,4.25,4.6,'2026-04-01 21:48:35'),(3,1044256,1.6,2.3,'2026-04-01 21:52:00'),(4,2576458,4.25,4.6,'2026-04-01 21:52:08'),(5,2418823,4.46,4.2,'2026-04-01 21:52:15'),(6,480307,4.26,4.8,'2026-04-01 22:03:04'),(7,2576458,4.25,4.6,'2026-04-02 15:29:25'),(8,807,2.73,3.3,'2026-04-02 21:01:40'),(9,807,2.73,3.3,'2026-04-02 21:03:16'),(10,2576458,4.25,4.6,'2026-04-02 21:04:23'),(11,2576458,4.25,4.6,'2026-04-02 21:06:33'),(12,2576458,4.25,4.6,'2026-04-03 02:04:29'),(13,2316461,4.59,4.7,'2026-04-03 02:04:29'),(14,2576458,4.25,4.6,'2026-04-03 02:37:55'),(15,2576458,4.25,4.6,'2026-04-03 02:43:41'),(16,2316461,4.59,4.7,'2026-04-03 02:43:42'),(17,2576458,4.25,4.6,'2026-04-03 02:47:46'),(18,2316461,4.59,4.7,'2026-04-03 02:47:47'),(19,2576458,4.25,4.6,'2026-04-03 02:53:37'),(20,2316461,4.59,4.7,'2026-04-03 02:53:37'),(21,2576458,4.25,4.6,'2026-04-03 02:57:49'),(22,2316461,4.59,4.7,'2026-04-03 02:57:49'),(23,2576458,4.25,4.6,'2026-04-03 03:01:38'),(24,2316461,4.59,4.7,'2026-04-03 03:01:38'),(25,2576458,4.25,4.6,'2026-04-03 03:07:42'),(26,2576458,4.25,4.6,'2026-04-03 03:10:22'),(27,2316461,4.59,4.7,'2026-04-03 03:10:22'),(28,2567894,3.63,5,'2026-04-04 18:53:23'),(29,651766,0.97,2.4,'2026-04-04 18:53:24'),(30,1044256,1.6,2.3,'2026-04-04 18:53:24'),(31,2638596,4.37,4.5,'2026-04-04 18:53:25'),(32,2299633,3.88,4.3,'2026-04-04 18:53:25'),(33,2539311,2.27,2.3,'2026-04-04 18:53:26'),(34,2715850,0.84,1.6,'2026-04-04 18:53:27'),(35,1877908,4.34,4.8,'2026-04-04 18:53:27'),(36,2360396,3.67,4.1,'2026-04-04 18:53:27'),(37,2316461,4.59,4.7,'2026-04-04 18:53:28'),(38,2626143,2.45,3,'2026-04-04 18:53:28'),(39,2552785,3.75,3.8,'2026-04-04 18:53:28'),(40,2581144,4.13,4.3,'2026-04-04 18:53:29'),(41,2302388,3.9,4.7,'2026-04-04 18:53:29'),(42,2094792,2.29,3.1,'2026-04-04 18:53:29'),(43,2655907,2.35,2,'2026-04-04 18:53:29'),(44,2277519,4.98,5,'2026-04-04 18:53:29'),(45,2576458,4.25,4.6,'2026-04-04 22:33:55'),(46,2316461,4.59,4.7,'2026-04-04 22:33:56'),(47,2576458,4.3,4.6,'2026-04-04 23:15:52'),(48,2316461,4.59,4.7,'2026-04-04 23:15:52'),(49,2576458,4.25,4.6,'2026-04-04 23:16:13'),(50,2576458,4.3,4.6,'2026-04-04 23:18:49'),(51,2316461,4.59,4.7,'2026-04-04 23:18:50'),(52,2567894,3.63,5,'2026-04-04 23:19:13'),(53,651766,1.65,2.4,'2026-04-04 23:19:14'),(54,2172504,3.93,4.3,'2026-04-04 23:19:17'),(55,1044256,1.84,2.3,'2026-04-04 23:19:19'),(56,2638596,4.05,4.5,'2026-04-04 23:19:20'),(57,2092047,3.86,4.2,'2026-04-04 23:19:22'),(58,2299633,3.88,4.3,'2026-04-04 23:19:23'),(59,1819035,4.26,4.4,'2026-04-04 23:19:25'),(60,2539311,2.16,2.3,'2026-04-04 23:19:26'),(61,2715850,0.77,1.6,'2026-04-04 23:19:27'),(62,1482001,4.61,4.8,'2026-04-04 23:19:29'),(63,1877908,4.42,4.8,'2026-04-04 23:19:31'),(64,2360396,3.67,4.1,'2026-04-04 23:19:31'),(65,2316461,4.59,4.7,'2026-04-04 23:19:32'),(66,2626143,2.45,3,'2026-04-04 23:19:32'),(67,2552785,3.75,3.8,'2026-04-04 23:19:33'),(68,2581144,4.13,4.3,'2026-04-04 23:19:34'),(69,2302388,3.9,4.7,'2026-04-04 23:19:34'),(70,2094792,2.29,3.1,'2026-04-04 23:19:35'),(71,2655907,2.35,2,'2026-04-04 23:19:35'),(72,2277519,4.98,5,'2026-04-04 23:19:35'),(73,389260,3.89,3.9,'2026-04-04 23:19:36'),(74,2246542,4.51,4,'2026-04-04 23:19:37'),(75,1768708,2.78,2.7,'2026-04-04 23:19:37'),(76,2003052,0.98,1,'2026-04-04 23:19:38'),(77,2316461,4.59,4.7,'2026-04-04 23:26:15'),(78,2576458,4.3,4.6,'2026-04-04 23:26:15'),(79,2567894,3.63,5,'2026-04-04 23:26:38'),(80,2299633,3.88,4.3,'2026-04-04 23:26:41'),(81,2638596,4.05,4.5,'2026-04-04 23:26:44'),(82,2539311,2.16,2.3,'2026-04-04 23:26:45'),(83,651766,1.65,2.4,'2026-04-04 23:26:45'),(84,2715850,0.77,1.6,'2026-04-04 23:26:48'),(85,2360396,3.67,4.1,'2026-04-04 23:26:50'),(86,2626143,2.45,3,'2026-04-04 23:26:51'),(87,2316461,4.59,4.7,'2026-04-04 23:26:52'),(88,2552785,3.75,3.8,'2026-04-04 23:26:54'),(89,2302388,3.9,4.7,'2026-04-04 23:26:56'),(90,1044256,1.79,2.3,'2026-04-04 23:26:56'),(91,2581144,4.13,4.3,'2026-04-04 23:26:57'),(92,2172504,3.91,4.3,'2026-04-04 23:26:57'),(93,1877908,4.42,4.8,'2026-04-04 23:26:57'),(94,2655907,2.35,2,'2026-04-04 23:26:57'),(95,1819035,4.25,4.4,'2026-04-04 23:26:58'),(96,2094792,2.29,3.1,'2026-04-04 23:26:58'),(97,2277519,4.98,5,'2026-04-04 23:26:59'),(98,2092047,3.86,4.2,'2026-04-04 23:26:59'),(99,2246542,4.51,4,'2026-04-04 23:26:59'),(100,1482001,4.61,4.8,'2026-04-04 23:27:00'),(101,2003052,0.98,1,'2026-04-04 23:27:00'),(102,389260,3.89,3.9,'2026-04-04 23:27:01'),(103,1768708,2.78,2.7,'2026-04-04 23:27:01'),(104,2316461,4.59,4.7,'2026-04-04 23:30:47'),(105,2576458,4.3,4.6,'2026-04-04 23:30:47'),(106,2567894,3.63,5,'2026-04-04 23:31:34'),(107,2299633,3.88,4.3,'2026-04-04 23:31:35'),(108,2715850,0.77,1.6,'2026-04-04 23:31:39'),(109,2638596,4.05,4.5,'2026-04-04 23:31:40'),(110,651766,1.65,2.4,'2026-04-04 23:31:42'),(111,2539311,2.16,2.3,'2026-04-04 23:31:43'),(112,2360396,3.67,4.1,'2026-04-04 23:31:45'),(113,2316461,4.59,4.7,'2026-04-04 23:31:48'),(114,2172504,3.91,4.3,'2026-04-04 23:31:49'),(115,1044256,1.79,2.3,'2026-04-04 23:31:49'),(116,2552785,3.75,3.8,'2026-04-04 23:31:49'),(117,2092047,3.86,4.2,'2026-04-04 23:31:49'),(118,1819035,4.25,4.4,'2026-04-04 23:31:50'),(119,2626143,2.45,3,'2026-04-04 23:31:50'),(120,2581144,4.13,4.3,'2026-04-04 23:31:50'),(121,2655907,2.35,2,'2026-04-04 23:31:52'),(122,2302388,3.9,4.7,'2026-04-04 23:31:52'),(123,2246542,4.51,4,'2026-04-04 23:31:53'),(124,2277519,4.98,5,'2026-04-04 23:31:53'),(125,1877908,4.42,4.8,'2026-04-04 23:31:54'),(126,2003052,0.98,1,'2026-04-04 23:31:54'),(127,1482001,4.61,4.8,'2026-04-04 23:31:54'),(128,2094792,2.29,3.1,'2026-04-04 23:31:55'),(129,389260,3.89,3.9,'2026-04-04 23:31:55'),(130,1768708,2.78,2.7,'2026-04-04 23:31:55'),(131,2316461,4.59,4.7,'2026-04-04 23:32:09'),(132,2576458,4.3,4.6,'2026-04-04 23:32:09'),(133,2567894,3.63,5,'2026-04-04 23:32:31'),(134,2299633,3.88,4.3,'2026-04-04 23:32:36'),(135,2638596,4.05,4.5,'2026-04-04 23:32:37'),(136,651766,1.65,2.4,'2026-04-04 23:32:41'),(137,2715850,0.77,1.6,'2026-04-04 23:32:42'),(138,2360396,3.67,4.1,'2026-04-04 23:32:43'),(139,2539311,2.16,2.3,'2026-04-04 23:32:44'),(140,2172504,3.91,4.3,'2026-04-04 23:32:46'),(141,1819035,4.25,4.4,'2026-04-04 23:32:48'),(142,1044256,1.79,2.3,'2026-04-04 23:32:50'),(143,2316461,4.59,4.7,'2026-04-04 23:32:50'),(144,2626143,2.45,3,'2026-04-04 23:32:50'),(145,1482001,4.61,4.8,'2026-04-04 23:32:50'),(146,2092047,3.86,4.2,'2026-04-04 23:32:51'),(147,2581144,4.13,4.3,'2026-04-04 23:32:51'),(148,1877908,4.42,4.8,'2026-04-04 23:32:52'),(149,2552785,3.75,3.8,'2026-04-04 23:32:52'),(150,2302388,3.9,4.7,'2026-04-04 23:32:52'),(151,2655907,2.35,2,'2026-04-04 23:32:52'),(152,2277519,4.98,5,'2026-04-04 23:32:52'),(153,2246542,4.51,4,'2026-04-04 23:32:53'),(154,2003052,0.98,1,'2026-04-04 23:32:54'),(155,389260,3.89,3.9,'2026-04-04 23:32:54'),(156,2094792,2.29,3.1,'2026-04-04 23:32:54'),(157,1768708,2.78,2.7,'2026-04-04 23:32:54'),(158,2567894,3.63,5,'2026-04-04 23:46:34'),(159,2299633,3.88,4.3,'2026-04-04 23:46:35'),(160,651766,1.65,2.4,'2026-04-04 23:46:44'),(161,2715850,0.77,1.6,'2026-04-04 23:46:45'),(162,2638596,4.05,4.5,'2026-04-04 23:46:45'),(163,1819035,4.25,4.4,'2026-04-04 23:46:46'),(164,2539311,2.16,2.3,'2026-04-04 23:46:46'),(165,2360396,3.67,4.1,'2026-04-04 23:46:50'),(166,1482001,4.61,4.8,'2026-04-04 23:46:50'),(167,1877908,4.42,4.8,'2026-04-04 23:46:51'),(168,2626143,2.45,3,'2026-04-04 23:46:53'),(169,2316461,4.59,4.7,'2026-04-04 23:46:53'),(170,1044256,1.79,2.3,'2026-04-04 23:46:54'),(171,2581144,4.13,4.3,'2026-04-04 23:46:54'),(172,2302388,3.9,4.7,'2026-04-04 23:46:54'),(173,2655907,2.35,2,'2026-04-04 23:46:55'),(174,2552785,3.75,3.8,'2026-04-04 23:46:55'),(175,2092047,3.86,4.2,'2026-04-04 23:46:56'),(176,2277519,4.98,5,'2026-04-04 23:46:57'),(177,2172504,3.91,4.3,'2026-04-04 23:46:57'),(178,2094792,2.29,3.1,'2026-04-04 23:46:57'),(179,2246542,4.51,4,'2026-04-04 23:46:57'),(180,2003052,0.98,1,'2026-04-04 23:46:57'),(181,1768708,2.78,2.7,'2026-04-04 23:46:58'),(182,389260,3.89,3.9,'2026-04-04 23:46:58'),(183,2576458,4.3,4.6,'2026-04-05 00:23:11'),(184,2316461,4.59,4.7,'2026-04-05 00:23:11'),(185,2567894,3.63,5,'2026-04-05 00:23:37'),(186,2092047,3.86,4.2,'2026-04-05 00:23:38'),(187,2299633,3.88,4.3,'2026-04-05 00:23:39'),(188,651766,1.65,2.4,'2026-04-05 00:23:39'),(189,2638596,4.05,4.5,'2026-04-05 00:23:40'),(190,1819035,4.25,4.4,'2026-04-05 00:23:40'),(191,1044256,1.79,2.3,'2026-04-05 00:23:40'),(192,2172504,3.91,4.3,'2026-04-05 00:23:41'),(193,2539311,2.16,2.3,'2026-04-05 00:23:41'),(194,1482001,4.61,4.8,'2026-04-05 00:23:42'),(195,2715850,0.77,1.6,'2026-04-05 00:23:42'),(196,1877908,4.42,4.8,'2026-04-05 00:23:43'),(197,2360396,3.67,4.1,'2026-04-05 00:23:43'),(198,2581144,4.13,4.3,'2026-04-05 00:23:43'),(199,2316461,4.59,4.7,'2026-04-05 00:23:44'),(200,2626143,2.45,3,'2026-04-05 00:23:44'),(201,2302388,3.9,4.7,'2026-04-05 00:23:45'),(202,2552785,3.75,3.8,'2026-04-05 00:23:45'),(203,2277519,4.98,5,'2026-04-05 00:23:45'),(204,389260,3.89,3.9,'2026-04-05 00:23:45'),(205,2655907,2.35,2,'2026-04-05 00:23:46'),(206,2246542,4.51,4,'2026-04-05 00:23:46'),(207,1768708,2.78,2.7,'2026-04-05 00:23:46'),(208,2094792,2.29,3.1,'2026-04-05 00:23:46'),(209,2003052,0.98,1,'2026-04-05 00:23:46'),(210,651766,1.65,2.4,'2026-04-05 00:26:40'),(211,2638596,4.05,4.5,'2026-04-05 00:26:40'),(212,2092047,3.86,4.2,'2026-04-05 00:26:41'),(213,1044256,1.79,2.3,'2026-04-05 00:26:41'),(214,2172504,3.91,4.3,'2026-04-05 00:26:41'),(215,1819035,4.25,4.4,'2026-04-05 00:26:41'),(216,2567894,3.63,5,'2026-04-05 00:26:42'),(217,2715850,0.77,1.6,'2026-04-05 00:26:42'),(218,2299633,3.88,4.3,'2026-04-05 00:26:42'),(219,2539311,2.16,2.3,'2026-04-05 00:26:43'),(220,1482001,4.61,4.8,'2026-04-05 00:26:44'),(221,2626143,2.45,3,'2026-04-05 00:26:45'),(222,2316461,4.59,4.7,'2026-04-05 00:26:45'),(223,2360396,3.67,4.1,'2026-04-05 00:26:45'),(224,2552785,3.75,3.8,'2026-04-05 00:26:46'),(225,1877908,4.42,4.8,'2026-04-05 00:26:46'),(226,2581144,4.13,4.3,'2026-04-05 00:26:46'),(227,2302388,3.9,4.7,'2026-04-05 00:26:46'),(228,2655907,2.35,2,'2026-04-05 00:26:47'),(229,2094792,2.29,3.1,'2026-04-05 00:26:47'),(230,2277519,4.98,5,'2026-04-05 00:26:47'),(231,389260,3.89,3.9,'2026-04-05 00:26:48'),(232,1768708,2.78,2.7,'2026-04-05 00:26:48'),(233,2246542,4.51,4,'2026-04-05 00:26:48'),(234,2003052,0.98,1,'2026-04-05 00:26:48'),(235,2316461,4.59,4.7,'2026-04-05 00:46:09'),(236,2576458,4.3,4.6,'2026-04-05 00:46:09'),(237,1819035,4.25,4.4,'2026-04-05 00:46:41'),(238,651766,1.65,2.4,'2026-04-05 00:46:41'),(239,2092047,3.86,4.2,'2026-04-05 00:46:41'),(240,2360396,3.67,4.1,'2026-04-05 00:46:41'),(241,2172504,3.91,4.3,'2026-04-05 00:46:41'),(242,2638596,4.05,4.5,'2026-04-05 00:46:41'),(243,2567894,3.63,5,'2026-04-05 00:46:41'),(244,2715850,0.77,1.6,'2026-04-05 00:46:41'),(245,2302388,3.9,4.7,'2026-04-05 00:46:41'),(246,1044256,1.79,2.3,'2026-04-05 00:46:41'),(247,2094792,2.29,3.1,'2026-04-05 00:46:41'),(248,2581144,4.13,4.3,'2026-04-05 00:46:41'),(249,2299633,3.88,4.3,'2026-04-05 00:46:41'),(250,1877908,4.42,4.8,'2026-04-05 00:46:41'),(251,2277519,4.98,5,'2026-04-05 00:46:41'),(252,1482001,4.61,4.8,'2026-04-05 00:46:41'),(253,2655907,2.35,2,'2026-04-05 00:46:41'),(254,2246542,4.51,4,'2026-04-05 00:46:41'),(255,2539311,2.16,2.3,'2026-04-05 00:46:41'),(256,1768708,2.78,2.7,'2026-04-05 00:46:41'),(257,2626143,2.45,3,'2026-04-05 00:46:41'),(258,2003052,0.98,1,'2026-04-05 00:46:41'),(259,2552785,3.75,3.8,'2026-04-05 00:46:41'),(260,2316461,4.59,4.7,'2026-04-05 00:46:41'),(261,389260,3.89,3.9,'2026-04-05 00:46:41'),(262,1044256,1.79,2.3,'2026-04-05 00:48:07'),(263,2360396,3.67,4.1,'2026-04-05 00:48:07'),(264,1819035,4.25,4.4,'2026-04-05 00:48:07'),(265,2299633,3.88,4.3,'2026-04-05 00:48:07'),(266,2172504,3.91,4.3,'2026-04-05 00:48:07'),(267,2638596,4.05,4.5,'2026-04-05 00:48:07'),(268,2316461,4.59,4.7,'2026-04-05 00:48:07'),(269,2567894,3.63,5,'2026-04-05 00:48:07'),(270,651766,1.65,2.4,'2026-04-05 00:48:07'),(271,2626143,2.45,3,'2026-04-05 00:48:07'),(272,2539311,2.16,2.3,'2026-04-05 00:48:07'),(273,2552785,3.75,3.8,'2026-04-05 00:48:07'),(274,2302388,3.9,4.7,'2026-04-05 00:48:07'),(275,2715850,0.77,1.6,'2026-04-05 00:48:07'),(276,1768708,2.78,2.7,'2026-04-05 00:48:07'),(277,1482001,4.61,4.8,'2026-04-05 00:48:07'),(278,2655907,2.35,2,'2026-04-05 00:48:07'),(279,2581144,4.13,4.3,'2026-04-05 00:48:07'),(280,2003052,0.98,1,'2026-04-05 00:48:07'),(281,1877908,4.42,4.8,'2026-04-05 00:48:07'),(282,2246542,4.51,4,'2026-04-05 00:48:07'),(283,2094792,2.29,3.1,'2026-04-05 00:48:07'),(284,2277519,4.98,5,'2026-04-05 00:48:07'),(285,389260,3.89,3.9,'2026-04-05 00:48:07'),(286,2092047,3.86,4.2,'2026-04-05 00:48:07'),(287,2944347,3.27,3.7,'2026-04-05 00:48:30'),(288,2092047,3.86,4.2,'2026-04-05 00:48:30'),(289,1754166,3.62,4.2,'2026-04-05 00:48:30'),(290,2172504,3.91,4.3,'2026-04-05 00:48:30'),(291,2638596,4.05,4.5,'2026-04-05 00:48:30'),(292,2878838,2.08,1.7,'2026-04-05 00:48:30'),(293,2631634,4.69,4.9,'2026-04-05 00:48:30'),(294,3100835,1.25,3,'2026-04-05 00:48:30'),(295,649268,2.5,3,'2026-04-05 00:48:30'),(296,2753122,1.17,1.7,'2026-04-05 00:48:30'),(297,2724868,2.45,2,'2026-04-05 00:48:30'),(298,1904699,3.76,3.6,'2026-04-05 00:48:30'),(299,1349424,4.98,4,'2026-04-05 00:48:30'),(300,1178488,4.49,4.6,'2026-04-05 00:48:30'),(301,3067059,4.3,4,'2026-04-05 00:48:30'),(302,602237,4.66,4.8,'2026-04-05 00:48:30'),(303,3058366,1.38,1.4,'2026-04-05 00:48:30'),(304,2898510,4.99,5,'2026-04-05 00:48:30'),(305,2476879,3.91,4.2,'2026-04-05 00:48:30'),(306,1843925,3.13,3.4,'2026-04-05 00:48:30'),(307,2576458,4.25,4.6,'2026-04-05 00:53:35'),(308,2576458,4.3,4.6,'2026-04-05 01:03:35'),(309,2316461,4.59,4.7,'2026-04-05 01:03:35'),(310,1819035,4.25,4.4,'2026-04-05 01:05:30'),(311,2567894,3.63,5,'2026-04-05 01:05:30'),(312,2539311,2.16,2.3,'2026-04-05 01:05:30'),(313,2092047,3.86,4.2,'2026-04-05 01:05:30'),(314,2172504,3.91,4.3,'2026-04-05 01:05:30'),(315,1482001,4.61,4.8,'2026-04-05 01:05:30'),(316,1877908,4.42,4.8,'2026-04-05 01:05:30'),(317,2316461,4.59,4.7,'2026-04-05 01:05:30'),(318,2638596,4.05,4.5,'2026-04-05 01:05:30'),(319,2299633,3.88,4.3,'2026-04-05 01:05:30'),(320,2626143,2.45,3,'2026-04-05 01:05:30'),(321,2094792,2.29,3.1,'2026-04-05 01:05:30'),(322,2581144,4.13,4.3,'2026-04-05 01:05:30'),(323,2552785,3.75,3.8,'2026-04-05 01:05:30'),(324,389260,3.89,3.9,'2026-04-05 01:05:30'),(325,2302388,3.9,4.7,'2026-04-05 01:05:30'),(326,2246542,4.51,4,'2026-04-05 01:05:30'),(327,1044256,1.79,2.3,'2026-04-05 01:05:30'),(328,651766,1.65,2.4,'2026-04-05 01:05:30'),(329,1768708,2.78,2.7,'2026-04-05 01:05:30'),(330,2003052,0.98,1,'2026-04-05 01:05:30'),(331,2715850,0.77,1.6,'2026-04-05 01:05:30'),(332,2655907,2.35,2,'2026-04-05 01:05:30'),(333,2360396,3.67,4.1,'2026-04-05 01:05:30'),(334,2277519,4.98,5,'2026-04-05 01:05:30'),(335,240786,2.34,3,'2026-04-05 01:06:20'),(336,2172504,3.91,4.3,'2026-04-05 01:10:37'),(337,2567894,3.63,5,'2026-04-05 01:10:37'),(338,2299633,3.88,4.3,'2026-04-05 01:10:37'),(339,651766,1.65,2.4,'2026-04-05 01:10:37'),(340,1044256,1.79,2.3,'2026-04-05 01:10:37'),(341,2715850,0.77,1.6,'2026-04-05 01:10:37'),(342,2539311,2.16,2.3,'2026-04-05 01:10:37'),(343,2552785,3.75,3.8,'2026-04-05 01:10:37'),(344,1482001,4.61,4.8,'2026-04-05 01:10:37'),(345,2092047,3.86,4.2,'2026-04-05 01:10:37'),(346,2302388,3.9,4.7,'2026-04-05 01:10:37'),(347,1877908,4.42,4.8,'2026-04-05 01:10:37'),(348,2638596,4.05,4.5,'2026-04-05 01:10:37'),(349,2094792,2.29,3.1,'2026-04-05 01:10:37'),(350,2581144,4.13,4.3,'2026-04-05 01:10:37'),(351,2277519,4.98,5,'2026-04-05 01:10:37'),(352,2655907,2.35,2,'2026-04-05 01:10:37'),(353,1819035,4.25,4.4,'2026-04-05 01:10:37'),(354,1768708,2.78,2.7,'2026-04-05 01:10:37'),(355,2003052,0.98,1,'2026-04-05 01:10:37'),(356,2246542,4.51,4,'2026-04-05 01:10:37'),(357,389260,3.89,3.9,'2026-04-05 01:10:37'),(358,2626143,2.45,3,'2026-04-05 01:10:37'),(359,2316461,4.59,4.7,'2026-04-05 01:10:37'),(360,2360396,3.67,4.1,'2026-04-05 01:10:37'),(361,67418,4.56,4.9,'2026-04-05 01:17:04'),(362,2316461,4.59,4.7,'2026-04-05 01:17:27'),(363,2576458,4.3,4.6,'2026-04-05 01:17:27'),(364,2576458,4.3,4.6,'2026-04-05 01:27:14'),(365,2316461,4.59,4.7,'2026-04-05 01:27:14'),(366,2576458,4.25,4.6,'2026-04-05 01:34:08'),(367,2576458,4.3,4.6,'2026-04-05 01:34:43'),(368,2316461,4.59,4.7,'2026-04-05 01:34:43'),(369,2316461,4.59,4.7,'2026-04-05 01:41:41'),(370,1877908,4.42,4.8,'2026-04-05 01:45:44'),(371,2567894,3.63,5,'2026-04-05 01:45:44'),(372,1044256,1.84,2.3,'2026-04-05 01:45:44'),(373,2092047,3.86,4.2,'2026-04-05 01:45:44'),(374,2638596,4.05,4.5,'2026-04-05 01:45:44'),(375,2172504,3.93,4.3,'2026-04-05 01:45:44'),(376,2539311,2.16,2.3,'2026-04-05 01:45:44'),(377,651766,1.65,2.4,'2026-04-05 01:45:44'),(378,2316461,4.59,4.7,'2026-04-05 01:45:44'),(379,2715850,0.77,1.6,'2026-04-05 01:45:44'),(380,1819035,4.26,4.4,'2026-04-05 01:45:44'),(381,2581144,4.13,4.3,'2026-04-05 01:45:44'),(382,389260,3.89,3.9,'2026-04-05 01:45:44'),(383,2246542,4.51,4,'2026-04-05 01:45:44'),(384,1768708,2.78,2.7,'2026-04-05 01:45:44'),(385,2003052,0.98,1,'2026-04-05 01:45:44'),(386,2094792,2.29,3.1,'2026-04-05 01:45:44'),(387,2302388,3.9,4.7,'2026-04-05 01:45:44'),(388,2277519,4.98,5,'2026-04-05 01:45:44'),(389,2626143,2.45,3,'2026-04-05 01:45:44'),(390,2552785,3.75,3.8,'2026-04-05 01:45:44'),(391,2299633,3.88,4.3,'2026-04-05 01:45:44'),(392,2360396,3.67,4.1,'2026-04-05 01:45:44'),(393,1482001,4.61,4.8,'2026-04-05 01:45:44'),(394,2655907,2.35,2,'2026-04-05 01:45:44'),(395,1044256,1.6,2.3,'2026-04-05 01:51:18'),(396,2316461,4.59,4.7,'2026-04-05 01:57:41'),(397,2576458,4.3,4.6,'2026-04-05 01:57:41'),(398,2638596,4.05,4.5,'2026-04-05 01:58:01'),(399,2299633,3.88,4.3,'2026-04-05 01:58:01'),(400,2567894,3.63,5,'2026-04-05 01:58:01'),(401,651766,1.65,2.4,'2026-04-05 01:58:01'),(402,2539311,2.16,2.3,'2026-04-05 01:58:01'),(403,2316461,4.59,4.7,'2026-04-05 01:58:01'),(404,2092047,3.86,4.2,'2026-04-05 01:58:01'),(405,2360396,3.67,4.1,'2026-04-05 01:58:01'),(406,2172504,3.93,4.3,'2026-04-05 01:58:01'),(407,2552785,3.75,3.8,'2026-04-05 01:58:01'),(408,2626143,2.45,3,'2026-04-05 01:58:01'),(409,1877908,4.42,4.8,'2026-04-05 01:58:01'),(410,2302388,3.9,4.7,'2026-04-05 01:58:01'),(411,2277519,4.98,5,'2026-04-05 01:58:01'),(412,2655907,2.35,2,'2026-04-05 01:58:01'),(413,1044256,1.84,2.3,'2026-04-05 01:58:01'),(414,389260,3.89,3.9,'2026-04-05 01:58:01'),(415,2246542,4.51,4,'2026-04-05 01:58:01'),(416,2094792,2.29,3.1,'2026-04-05 01:58:01'),(417,1819035,4.26,4.4,'2026-04-05 01:58:01'),(418,2581144,4.13,4.3,'2026-04-05 01:58:01'),(419,2003052,0.98,1,'2026-04-05 01:58:01'),(420,1482001,4.61,4.8,'2026-04-05 01:58:01'),(421,2715850,0.77,1.6,'2026-04-05 01:58:01'),(422,1768708,2.78,2.7,'2026-04-05 01:58:01'),(423,2092047,3.66,4.2,'2026-04-05 02:02:57'),(424,2316461,4.59,4.7,'2026-04-05 02:04:13'),(425,2576458,4.3,4.6,'2026-04-05 02:04:13'),(426,651766,1.65,2.4,'2026-04-05 02:04:30'),(427,1044256,1.84,2.3,'2026-04-05 02:04:30'),(428,2092047,3.86,4.2,'2026-04-05 02:04:30'),(429,389260,3.89,3.9,'2026-04-05 02:04:30'),(430,2299633,3.88,4.3,'2026-04-05 02:04:30'),(431,2944347,3.27,3.7,'2026-04-05 02:04:30'),(432,229716,3.99,4.2,'2026-04-05 02:04:30'),(433,2476879,3.91,4.2,'2026-04-05 02:04:30'),(434,2552785,3.75,3.8,'2026-04-05 02:04:30'),(435,2576458,4.25,4.6,'2026-04-05 02:25:36'),(436,2299633,3.88,4.3,'2026-04-05 02:26:12'),(437,2588480,3.87,4.3,'2026-04-05 02:26:12'),(438,1696819,3.27,3.7,'2026-04-05 02:26:12'),(439,2418823,4.23,4.2,'2026-04-05 02:26:12'),(440,2576458,4.25,4.6,'2026-04-05 02:32:39'),(441,2556104,3.42,3.3,'2026-04-05 02:32:56'),(442,1041655,3.49,3.6,'2026-04-05 15:46:11'),(443,2476879,3.91,4.2,'2026-04-05 15:47:03'),(444,3019776,5,5,'2026-04-05 15:47:03'),(445,2764401,3.56,3.8,'2026-04-05 15:47:03'),(446,3067059,4.3,4,'2026-04-05 15:47:03'),(447,2172504,3.93,4.3,'2026-04-05 15:47:03'),(448,2718293,0.85,1,'2026-04-05 15:47:03'),(449,2878838,2.08,1.7,'2026-04-05 15:47:03'),(450,2638596,4.05,4.5,'2026-04-05 15:47:03'),(451,2740609,2.44,2.5,'2026-04-05 15:47:03'),(452,2426702,2.87,3,'2026-04-05 15:47:03'),(453,2417757,3.99,4.1,'2026-04-05 15:47:03'),(454,2092047,3.86,4.2,'2026-04-05 15:47:03'),(455,1349424,4.98,4,'2026-04-05 15:47:03'),(456,1843925,3.09,3.4,'2026-04-05 15:47:03'),(457,1798534,4.18,4.1,'2026-04-05 15:49:44'),(458,608939,4.99,3.5,'2026-04-06 15:14:56'),(459,2576458,4.25,4.6,'2026-04-06 21:11:43'),(460,2576458,4.3,4.6,'2026-04-06 21:12:53'),(461,2316461,4.59,4.7,'2026-04-06 21:12:53'),(462,2576458,4.25,4.6,'2026-04-07 16:32:01'),(463,2576458,4.3,4.6,'2026-04-07 16:33:32'),(464,2316461,4.59,4.7,'2026-04-07 16:33:32'),(465,2576458,4.25,4.6,'2026-04-08 01:19:54'),(466,2316461,4.59,4.7,'2026-04-08 01:20:10'),(467,2576458,4.3,4.6,'2026-04-08 01:20:10'),(468,2576458,4.25,4.6,'2026-04-08 01:24:49'),(469,2576458,4.3,4.6,'2026-04-08 01:25:07'),(470,2316461,4.59,4.7,'2026-04-08 01:25:07'),(471,1044256,1.6,2.3,'2026-04-08 01:25:26'),(472,2418823,4.46,4.3,'2026-04-08 01:41:26'),(473,1819035,3.86,4.4,'2026-04-08 01:41:53'),(474,1877908,4.34,4.8,'2026-04-08 01:42:19'),(475,2316461,4.59,4.7,'2026-04-08 01:42:31');

--
-- Dumping data for table `professors`
--

INSERT INTO `professors` VALUES (807,'Toni Perrine',379,'Communication',93,'2026-04-02 21:01:40'),(67418,'Hossein Shahmohamad',807,'Mathematics',618,'2026-04-05 01:17:04'),(229716,'Tom Reichlmayr',807,'Engineering',21,'2026-04-05 02:04:30'),(240786,'Stephen Jacobs',807,'Information Technology',17,'2026-04-05 01:06:20'),(389260,'Jim Vallino',807,'Engineering',14,'2026-04-04 23:19:36'),(480307,'Evan Selinger',807,'Philosophy',50,'2026-04-01 22:03:04'),(602237,'Richard Cliver',807,'Electrical & Computer Engineering',107,'2026-04-05 00:48:30'),(608939,'Daniel Pedersen',807,'Computer Science',2,'2026-04-06 15:14:56'),(649268,'Larry Hill',807,'Information Technology',68,'2026-04-05 00:48:30'),(651766,'J. Scott Hawker',807,'Engineering',26,'2026-04-04 18:53:24'),(1041655,'Anthony Testa',807,'Business',10,'2026-04-05 15:46:11'),(1044256,'Kenneth Martinez',807,'Software Engineering',76,'2026-04-01 21:52:00'),(1178488,'Erik Golen',807,'Computer Science',23,'2026-04-05 00:48:30'),(1349424,'Ryan Andreotta',807,'Information Technology',4,'2026-04-05 00:48:30'),(1482001,'Daniel Krutz',807,'Software Engineering',47,'2026-04-04 23:19:29'),(1696819,'Andy Meneely',807,'Software Engineering',17,'2026-04-05 02:26:12'),(1754166,'Robert Kostin',807,'Computer Science',13,'2026-04-05 00:48:30'),(1768708,'Timothy Whitcher',807,'Computer Science',13,'2026-04-04 23:19:37'),(1798534,'Carlos Diaz',807,'Packaging Science',10,'2026-04-05 15:49:44'),(1819035,'Samuel Malachowsky',807,'Software Engineering',51,'2026-04-04 23:19:25'),(1843925,'Gahyun Park',807,'Computing Security',70,'2026-04-05 00:48:30'),(1877908,'Larry Kiser',807,'Software Engineering',32,'2026-04-04 18:53:27'),(1904699,'Tanweer Alam',807,'Information Technology',9,'2026-04-05 00:48:30'),(2003052,'John Loser',807,'Computer Science',2,'2026-04-04 23:19:38'),(2092047,'Robert St Jacques',807,'Computer Science',46,'2026-04-04 23:19:22'),(2094792,'Al Arujunan',807,'Software Engineering',10,'2026-04-04 18:53:29'),(2172504,'Bruce Herring',807,'Computer Science',71,'2026-04-04 23:19:17'),(2246542,'Donald McKeown',807,'Imaging Science',1,'2026-04-04 23:19:37'),(2277519,'Jeffery Lange',807,'Software Engineering',1,'2026-04-04 18:53:29'),(2299633,'Bryan Basham',807,'Software Engineering',12,'2026-04-04 18:53:25'),(2302388,'Jeffrey Lange',807,'Engineering',3,'2026-04-04 18:53:29'),(2316461,'Michael Zaharkin',807,'Software Engineering',11,'2026-04-03 02:04:29'),(2360396,'Eric Mansfield',807,'Software Engineering',7,'2026-04-04 18:53:27'),(2417757,'David Patric',807,'Information Technology',14,'2026-04-05 15:47:03'),(2418823,'Kal Rabb',807,'Software Engineering',35,'2026-04-01 21:52:15'),(2426702,'Ahmed Hamza',807,'Computer Science',23,'2026-04-05 15:47:03'),(2476879,'Christopher Wake',807,'Computer Science',19,'2026-04-05 00:48:30'),(2539311,'Sandra DeLaus',807,'Software Engineering',28,'2026-04-04 18:53:26'),(2552785,'Abdul Wahaishi',807,'Software Engineering',10,'2026-04-04 18:53:28'),(2556104,'Brendan Rooney',807,'Mathematics',15,'2026-04-05 02:32:56'),(2567894,'Travis Desell',807,'Software Engineering',4,'2026-04-04 18:53:23'),(2576458,'Daniel McKeown',807,'Software Engineering',24,'2026-04-01 21:47:55'),(2581144,'Eman Abdullah Alomar',807,'Software Engineering',6,'2026-04-04 18:53:29'),(2588480,'Christian Newman',807,'Software Engineering',6,'2026-04-05 02:26:12'),(2626143,'Bobby Jacques',807,'Computer Science',8,'2026-04-04 18:53:28'),(2631634,'Peter Willis',807,'Computer Science',24,'2026-04-05 00:48:30'),(2638596,'Tony Audi',807,'Software Engineering',24,'2026-04-04 18:53:25'),(2655907,'Parul Patel',807,'Software Engineering',1,'2026-04-04 18:53:29'),(2715850,'Sudhir Khazanchi',807,'Computer Science',26,'2026-04-04 18:53:27'),(2718293,'Sarah Sandhu',807,'Computer Science',2,'2026-04-05 15:47:03'),(2724868,'Yusuf Bilgic',807,'Information Technology',7,'2026-04-05 00:48:30'),(2740609,'Sophia Sandhu',807,'Software Engineering',22,'2026-04-05 15:47:03'),(2753122,'Thomas Maszerowski',807,'Computer Science',19,'2026-04-05 00:48:30'),(2764401,'Damian Kumor',807,'Computing Security',4,'2026-04-05 15:47:03'),(2878838,'Anna Iacovino',807,'Computer Science',19,'2026-04-05 00:48:30'),(2898510,'William Crowe',807,'Networking Security & Systems ',12,'2026-04-05 00:48:30'),(2944347,'Bobby St Jacques',807,'Software Engineering',12,'2026-04-05 00:48:30'),(3019776,'Brian  Nadworny',807,'Information Technology',1,'2026-04-05 15:47:03'),(3058366,'Ezgi Kibris',807,'Information Technology',5,'2026-04-05 00:48:30'),(3067059,'Naresh Kshetri',807,'Computing Security',8,'2026-04-05 00:48:30'),(3100835,'Ali Assi',807,'Computer Science',2,'2026-04-05 00:48:30');

--
-- Dumping data for table `schools`
--

INSERT INTO `schools` VALUES (379,'Grand Valley State University','2026-04-02 21:01:40'),(807,'Rochester Institute of Technology','2026-04-01 21:47:55');
/*!40103 SET TIME_ZONE=@OLD_TIME_ZONE */;

/*!40101 SET SQL_MODE=@OLD_SQL_MODE */;
/*!40014 SET FOREIGN_KEY_CHECKS=@OLD_FOREIGN_KEY_CHECKS */;
/*!40014 SET UNIQUE_CHECKS=@OLD_UNIQUE_CHECKS */;
/*!40101 SET CHARACTER_SET_CLIENT=@OLD_CHARACTER_SET_CLIENT */;
/*!40101 SET CHARACTER_SET_RESULTS=@OLD_CHARACTER_SET_RESULTS */;
/*!40101 SET COLLATION_CONNECTION=@OLD_COLLATION_CONNECTION */;
/*!40111 SET SQL_NOTES=@OLD_SQL_NOTES */;

-- Dump completed on 2026-04-08 12:05:13
